{
    "citizens": [
        {
            "id": 1,
            "name": "Satish Kumar",
            "mobileNumber": 9065743100,
            "rationNumber": 10023100,
            "age": 32,
            "category": "AAY"
        },
        {
            "id": 2,
            "name": "Pavan Kumar",
            "mobileNumber": 9043900710,
            "rationNumber": 10023101,
            "age": 31,
            "category": "AAY"
        },
        {
            "id": 3,
            "name": "Puneet Bagchi",
            "mobileNumber": 9065743109,
            "rationNumber": 10023102,
            "age": 43,
            "category": "AAY"
        },
        {
            "id": 4,
            "name": "Shantanu Kundu",
            "mobileNumber": 9065741209,
            "rationNumber": 10023103,
            "age": 65,
            "category": "AAY"
        },
        {
            "id": 5,
            "name": "Raj Mohapatra",
            "mobileNumber": 9065743178,
            "rationNumber": 10023104,
            "age": 39,
            "category": "AAY"
        },
        {
            "id": 7,
            "name": "Mridul Tudu",
            "mobileNumber": 9065734019,
            "rationNumber": 10023105,
            "age": 42,
            "category": "AAY"
        },
        {
            "id": 8,
            "name": "Rajesh Banik",
            "mobileNumber": 9065743160,
            "rationNumber": 10023106,
            "age": 44,
            "category": "AAY"
        },
        {
            "id": 9,
            "name": "Sonu Nandi",
            "mobileNumber": 9065743197,
            "rationNumber": 10023107,
            "age": 56,
            "category": "AAY"
        }
    ]
}