{
    "RationData": [
        {
            "wheat": 10,
            "name": "AAY",
            "rice": 7,
            "oil": 12,
            "sugar": 15,
            "kerosene": 25
        },
        {
            "wheat": 12,
            "name": "AAY(JM)",
            "rice": 10,
            "oil": 15,
            "sugar": 15,
            "kerosene": 25
        },
        {
            "wheat": 15,
            "name": "AAY(NFSA)",
            "rice": 15,
            "oil": 10,
            "sugar": 10,
            "kerosene": 20
        },
        {
            "wheat": 13,
            "name": "AAY(PMGKAY)",
            "rice": 14,
            "oil": 20,
            "sugar": 10,
            "kerosene": 20
        },
        {
            "wheat": 15,
            "name": "AP",
            "rice": 12,
            "oil": 15,
            "sugar": 16,
            "kerosene": 20
        },
        {
            "wheat": 17,
            "name": "APL",
            "rice": 16,
            "oil": 15,
            "sugar": 15,
            "kerosene": 20
        },
        {
            "wheat": 14,
            "name": "BPL",
            "rice": 20,
            "oil": 10,
            "sugar": 20,
            "kerosene": 20
        },
        {
            "wheat": 10,
            "name": "FORM3Form4-Beneficiary",
            "rice": 10,
            "oil": 15,
            "sugar": 20,
            "kerosene": 20
        },
        {
            "wheat": 10,
            "name": "HPDS",
            "rice": 7,
            "oil": 12,
            "sugar": 15,
            "kerosene": 25
        },
        {
            "wheat": 11,
            "name": "ICDS",
            "rice": 10,
            "oil": 15,
            "sugar": 15,
            "kerosene": 25
        },
        {
            "wheat": 12,
            "name": "PHH",
            "rice": 15,
            "oil": 10,
            "sugar": 10,
            "kerosene": 20
        },
        {
            "wheat": 13,
            "name": "PHH(JM)",
            "rice": 14,
            "oil": 20,
            "sugar": 10,
            "kerosene": 20
        },
        {
            "wheat": 14,
            "name": "PHH(PMGKAY)",
            "rice": 12,
            "oil": 15,
            "sugar": 15,
            "kerosene": 20
        },
        {
            "wheat": 15,
            "name": "RKSY-I",
            "rice": 16,
            "oil": 15,
            "sugar": 16,
            "kerosene": 20
        },
        {
            "wheat": 10,
            "name": "RKSY-I(JM)",
            "rice": 20,
            "oil": 10,
            "sugar": 12,
            "kerosene": 20
        },
        {
            "wheat": 10,
            "name": "RKSY-II",
            "rice": 10,
            "oil": 15,
            "sugar": 15,
            "kerosene": 20
        },
        {
            "wheat": 15,
            "name": "RKSY-II(JM)",
            "rice": 7,
            "oil": 12,
            "sugar": 10,
            "kerosene": 25
        },
        {
            "wheat": 12,
            "name": "SPECIAL G.R",
            "rice": 10,
            "oil": 15,
            "sugar": 15,
            "kerosene": 25
        },
        {
            "wheat": 10,
            "name": "SPECIAL WELFARE SCHEME",
            "rice": 15,
            "oil": 10,
            "sugar": 10,
            "kerosene": 20
        },
        {
            "wheat": 12,
            "name": "SPHH",
            "rice": 14,
            "oil": 20,
            "sugar": 10,
            "kerosene": 20
        },
        {
            "wheat": 15,
            "name": "SPHH(JM)",
            "rice": 12,
            "oil": 15,
            "sugar": 16,
            "kerosene": 20
        },
        {
            "wheat": 12,
            "name": "TOTOPARA",
            "rice": 16,
            "oil": 15,
            "sugar": 14,
            "kerosene": 20
        },
        {
            "wheat": 16,
            "name": "WFD",
            "rice": 20,
            "oil": 10,
            "sugar": 10,
            "kerosene": 20
        }
    ]
}