{
    "citizens": [
        {
            "id": 1,
            "name": "Satish Kumar",
            "mobileNumber": 9065743100,
            "rationNumber": 10023100,
            "age": 32,
            "category": "AAY"
        },
        {
            "id": 2,
            "name": "Pavan Kumar",
            "mobileNumber": 9043900710,
            "rationNumber": 10023101,
            "age": 31,
            "category": "AAY"
        },
        {
            "id": 8,
            "name": "Rajesh Banik",
            "mobileNumber": 9065743160,
            "rationNumber": 10023106,
            "age": 44,
            "category": "AAY"
        }
    ]
}