{
    "initial:before": {
      "loopback#favicon": {}
    },
    "initial": {
      "cors": {
        "params": {
          "origin": "*",
          "credentials": true,
          "maxAge": 86400
        }
      },
      "loopback-context#per-request": {
        "params": {
          "enableHttpContext": true
        }
      }
    },  
    "session": {
    },
    "auth": {
      "loopback#token": {
        "paths":["${restApiRoot}"]
      },
      "./validateToken":{
        "paths":["/api"]
      }
    },
    "routes": {
      "loopback#rest": {
        "paths": ["${restApiRoot}"]
      }
    },
    "files": {
    }
  }