{   
    "_meta": {
        "sources": [
            "loopback/common/models",
            "loopback/server/models",
            "../common/models",
            "./models"
        ]
    },  
    "OwnerDetails": {
        "dataSource": "rationdistribution",
        "public": true
    },
    "ACL": {
        "dataSource": "db",
        "public": false
    },
    "AccessToken": {
        "dataSource": "db",
        "public": false
    },
    "User": {
        "dataSource": "db",
        "public": false
    },
    "Blocks": {
        "dataSource": "rationdistribution",
        "public": true
    },
    "Districts": {
        "dataSource": "rationdistribution",
        "public": true
    },
    "SubDivisions": {
        "dataSource": "rationdistribution",
        "public": true
    },
    "Message":{
      "dataSource":"db",
      "public":"true"
    },
    "Consumers":{
        "dataSource":"rationdistribution",
        "public":"true"
    },
    "Schedule":{
        "dataSource":"rationdistribution",
        "public":"true"
    }
}