{
    "name": "Blocks",
    "base": "PersistedModel",
    "idInjection":false,
    "properties": {
      "BlockId": {
        "type": "string",
        "required": true,
        "id": true
      },
      "BlockName": {
        "type": "string",
        "required": true
      }
    },
    "validations": [],
    "relations": {
        "FPS":{
          "type":"hasMany",
          "model":"FPS",
          "foreignKey":"BlockId"
        },
        "subdivisions":{
            "type":"belongsTo",
            "model":"SubDivisions",
            "foreignKey":"SubDivisionId",
            "public":true
        }
    },
    "acls": [],
    "methods": []
  }