{
    "name": "Consumers",
    "base": "PersistedModel",
    "idInjection":false,
    "properties": {
      "ConsumerId": {
        "type": "string",
        "required": true,
        "id": true
      },
      "FirstName": {
        "type": "string",
        "required": true
      },
      "LastName": {
        "type": "string",
        "required": false
      },
      "MobileNo":{
        "type": "number",
        "required": true
      },
      "District":{
        "type": "string",
        "required": true
      },
      "Category": {
        "type": "string",
        "required": true
      },
      "Subdivision":{
        "type": "string",
        "required": false
      },
      "Block":{
        "type": "string",
        "required": false
      },
      "Age":{
        "type": "number",
        "required": false
      },
      "RationNo": {
        "type": "number",
        "required": false
      }
    },
    "validations": [],
    "relations": {
        "schedule":{
            "type":"hasMany",
            "model":"Schedule",
            "foreignKey":"ConsumerId"
        }
    },
    "acls": [],
    "methods": []
  }