{
    "name": "Districts",
    "base": "PersistedModel",
    "idInjection":false,
    "properties": {
      "DistrictId": {
        "type": "string",
        "required": true,
        "id": true
      },
      "DistrictName": {
        "type": "string",
        "required": true
      }
    },
    "validations": [],
    "relations": {
        "subdivisions":{
          "type":"hasMany",
          "model":"SubDivisions",
          "foreignKey":"DistrictId"
        }
    },
    "acls": [],
    "methods": []
  }