{
    "name": "FPS",
    "base": "PersistedModel",
    "idInjection":false,
    "properties": {
      "FPSId": {
        "type": "string",
        "required": true,
        "id": true
      },
      "FPSName": {
        "type": "string",
        "required": true
      }
    },
    "validations": [],
    "relations": {
        "FPS":{
            "type":"belongsTo",
            "model":"Blocks",
            "foreignKey":"BlockId",
            "public":true
        }
    },
    "acls": [],
    "methods": []
  }