{
    "name": "OwnerDetails",
    "base": "PersistedModel",
    "idInjection":false,
    "properties": {
      "OwnerId": {
        "type": "string",
        "required": true,
        "id": true
      },
      "FirstName": {
        "type": "string",
        "required": true
      },
      "LastName": {
        "type": "string",
        "required": false
      },
      "LicenseNo":{
        "type": "string",
        "required": true
      },
      "DOB":{
        "type": "date",
        "required": true
      },
      "Password": {
        "type": "string",
        "required": true
      },
      "ShopName":{
        "type": "string",
        "required": false
      },
      "LastLoginDateTime": {
        "type": "date",
        "required": false
      },
      "MobileNo":{
        "type": "number",
        "required": false
      },
      "District":{
        "type": "string",
        "required": false
      },
      "Subdivision":{
        "type": "string",
        "required": false
      },
      "Block":{
        "type": "string",
        "required": false
      }
    },
    "validations": [],
    "relations": {
      "schedule":{
          "type":"hasMany",
          "model":"Schedule",
          "foreignKey":"OwnerId"
      }
    },
    "acls": [],
    "methods": []
  }