{
    "name": "Schedule",
    "base": "PersistedModel",
    "idInjection":false,
    "properties": {
      "ScheduleId": {
        "type": "string",
        "required": true,
        "id": true
      },
      "CustomerName": {
        "type": "string",
        "required": false
      },
      "OwnerName": {
        "type": "string",
        "required": false
      },
      "OwnerAddress":{
        "type": "string",
        "required": false
      },
      "DateOfDelivery":{
        "type": "date",
        "required": false
      },
      "DayOfDelivery": {
        "type": "string",
        "required": false
      },
      "Mobile":{
        "type": "string",
        "required": false
      },
      "StartTime":{
        "type": "date",
        "required": false,
        "mssql": {
            "columnName": "StartTime",
            "dataType": "TIME",
            "nullable": "YES"
        }
      },
      "EndTime": {
        "type": "date",
        "required": false,
        "mssql": {
            "columnName": "EndTime",
            "dataType": "TIME",
            "nullable": "YES"
        }
      },
      "MessageStatus":{
        "type": "string",
        "required": false
      }
    },
    "validations": [],
    "relations": {
        "owners":{
            "type":"belongsTo",
            "model":"OwnerDetails",
            "foreignKey":"OwnerId"
        },
        "consumers":{
            "type":"belongsTo",
            "model":"Consumers",
            "foreignKey":"ConsumerId"
        }
    },
    "acls": [],
    "methods": []
  }