{
    "name": "SubDivisions",
    "base": "PersistedModel",
    "idInjection":false,
    "properties": {
      "SubDivisionId": {
        "type": "string",
        "required": true,
        "id": true
      },
      "SubDivisionName": {
        "type": "string",
        "required": true
      }
    },
    "validations": [],
    "relations": {
        "blocks":{
          "type":"hasMany",
          "model":"Blocks",
          "foreignKey":"SubDivisionId"
        },
        "districts":{
            "type":"belongsTo",
            "model":"Districts",
            "foreignKey":"DistrictId",
            "public":true
        }
    },
    "acls": [],
    "methods": []
  }