{
    "HourData": [
        {
            "id": 0,
            "value": "00"
        },
        {
            "id": 1,
            "value": "01"
        },
        {
            "id": 2,
            "value": "02"          
        },
        {
            "id": 3,
            "value": "03"
        },
        {
            "id": 4,
            "value": "04"
        },
        {
            "id": 5,
            "value": "05"
        },
        {
            "id": 6,
            "value": "06"
        },
        {
            "id": 7,
            "value": "07"
        },
        {
            "id": 8,
            "value": "08"         
        },
        {
            "id": 9,
            "value": "09"
        },
        {
            "id": 10,
            "value": 10
        },
        {
            "id": 11,
            "value": 11
        },
        {
            "id": 12,
            "value": 12
        },
        {
            "id": 13,
            "value": 13
        },
        {
            "id": 14,
            "value": 14
        },
        {
            "id": 15,
            "value": 15           
        },
        {
            "id": 16,
            "value": 16
        },
        {
            "id": 17,
            "value": 17
        },
        {
            "id": 18,
            "value": 18
        },
        {
            "id": 19,
            "value": 19
        },
        {
            "id": 20,
            "value": 20
        },
        {
            "id": 21,
            "value": 21           
        },
        {
            "id": 22,
            "value": 22
        },
        {
            "id": 23,
            "value": 23
        }
    ],
    "MinutesData" : [
        {
            "id":24,
            "value": "00"
        },
        {
            "id": 25,
            "value": 15 
        },
        {
            "id": 26,
            "value": 30
        },
        {
            "id": 27,
            "value": 45
        }
    ],
    "breakTimeData" : [
        {
            "id":28,
            "value": "12:00"
        },
        {
            "id": 29,
            "value": "12:30" 
        },
        {
            "id": 30,
            "value": "01:00"
        },
        {
            "id": 31,
            "value": "01:30"
        },
        {
            "id":32,
            "value": "02:00"
        },
        {
            "id": 33,
            "value": "02:30" 
        },
        {
            "id": 34,
            "value": "03:00"
        },
        {
            "id": 35,
            "value": "03:30"
        }
    ],
    "timeSlotData" : [
        {
            "id": 41,
            "value": "01"
        },
        {
            "id": 42,
            "value": "02"          
        },
        {
            "id": 43,
            "value": "03"
        },
        {
            "id": 44,
            "value": "04"
        },
        {
            "id": 45,
            "value": "05"
        },
        {
            "id": 46,
            "value": "06"
        },
        {
            "id": 47,
            "value": "07"
        },
        {
            "id": 48,
            "value": "08"         
        },
        {
            "id": 49,
            "value": "09"
        },
        {
            "id": 50,
            "value": "10"
        }
    ]
}